content,author
!save,ritvikisalive
â€œI can read Greek bc of maths and physâ€ - Karthik,ritvikisalive
â€œWeâ€™re also nowhenâ€ - Karthik,ritvikisalive
"""I swear you had a cousin named Tommy"" - Akhil",_muffinhead
"""I have a cousin named Tommy?"" - Ritvik",_muffinhead
"""Thats not how you spell Mafia"" - Akhil
""I know dumbass you dyslexic"" - Ritvik

*Mafia spelled as Maffya for his dyslexia*",ritvikisalive
"""Spinach Mafia"" *Disconnects* - Akhil",ritvikisalive
"""You can buy mental sanity in a cave?"" - Akhil",_muffinhead
"""I keep that as a form of identification"" - Karthik
*talking about gag gift Ritvik got him of an ID Card*",ritvikisalive
"""Your a soviet union"" - Ritvik
""Thank You"" - Karthik",ritvikisalive
"""We tried to fix a question and broke something else, we're trying to fix it again""  - TA from ENG1014",_muffinhead
"""I was so bored during the exam I started highlighting random stuff"" - Ahmed",_muffinhead
"Ã love deforrestation""- Akhil",ritvikisalive
"""Is it smart enough to understand what 13 is?"" - Ahmed",_muffinhead
"""WHAT DO YOU MEAN 1- THE MONTH IS NOT 1"" - Ahmed",_muffinhead
"""I did not see that cliff"" - Akhil",ritvikisalive
"""OH MOTHER OF JESUS QUESTION 2 IS RHINORMOUS *inventing new words atp*"" - Ahmed",_muffinhead
"""Do not use yellow- your eyes will not be eyes anymore"" - Ahmed",_muffinhead
"""HOW IS SELF-SUFFICIENCY 300%?!"" - Ahmed",_muffinhead
"""WHAT- HOW ARE YOU GETTING 5.5 *talking to Matlab* - Ahmed",_muffinhead
â€œGASP SHES SECRETLY A PLANT THAT YURNS FOR PHOTOSYNTHESISâ€ - Ritvik,ritvikisalive
â€œHonestly call me a plant the way Iâ€™m loving this sunâ€ - Arshia,_muffinhead
"â€œIâ€™m in love with the sun ğŸŒ¸â€ - Arshia
â€œASH IS SECRETLY A PLANTâ€ - Ritvik",_muffinhead
"â€œthe fuck is a bathroom companyâ€ - Ritvik
|
->  â€œA company that sells bathroomsâ€ - Akhil",ritvikisalive
â€œGender is a myth made up by bathroom companies to sell more bathroomsâ€ - Akhil,ritvikisalive
â€œ25k per bathroom if you buy 10+ at a timeâ€ - Akhil,ritvikisalive
â€œYou buy bathrooms wholesale from Costcoâ€ - Akhil,ritvikisalive
â€œcostco is a myth made up by americans to buy food in bulk to make it look like they dont have a food addictionsâ€ - Ritvik,h.ekker
"""ğŸ¤¸â€â™‚ï¸
        ğŸ¦½ğŸŒï¸â€â™‚ï¸"" - Akhil",ritvikisalive
â€œHave you been Mathewâ€™d out for the dayâ€ - Ritvik,_muffinhead
â€œIâ€™m just a quote machine at this pointâ€ - Akhil,ritvikisalive
â€œNo shitâ€ â€œIâ€™m just hoping it happensâ€ - Akhil talking bout how he hopes Ritviks iCloud storage gets corrupted,ritvikisalive
"""STOP MAKING PAGE-TURNING NOISES *talking to catalogue*"" - Ritvik",_muffinhead
"""Your making my job as a door-to-door salesman very hard"" - Ritvik
""You're not a door-to-door salesman you're a guy on a discord call trying to convince his friend to buy things off a JB-Hifi catalog"" - Karthik
""Pretty much a door-to-door salesman"" - Ritvik",_muffinhead
"""Beats *times* Kim"" - Ritvik",_muffinhead
"""Oh no I lost the 3"" - Ahmed",_muffinhead
"""I GOT 3, I HAVE AN ERROR BUT I HAVE 3"" - Ahmed",_muffinhead
"""its me achilles heel"" - Akhil",ritvikisalive
"""I REMEMBER I REMEMBER I REMEMBER""  - Ameera",_muffinhead
â€œButtons are my downfallâ€ - Ahmed,_muffinhead
â€œEgendary gambling profitsâ€ - Akhil,ritvikisalive
"""I wanna call u the f slur so badly"" - Ritvik",h.ekker
"""You exist for the context"" - Kamala Haris",ritvikisalive
"""Context is not needed"" - Ritvik",ritvikisalive
"""You see that context would have been nice before i said 'That would have been Gravity'"" - Karthik",ritvikisalive
"""Am I wrong? THEY'RE BOTH WRONG *talking about question he's doing*"" - Bhrugu",_muffinhead
"""What other professions talk to their calculators- we're like the calculator-whisperers"" - Bhrugu",_muffinhead
â€œBananamelonâ€ - Karthik,ritvikisalive
"""Let's see what this matrix does to the trusty Mona Lisa"" - Uni Prof",_muffinhead
"""Ice go clink clink"" - Random Meme",ritvikisalive
"""Boost is the secret of my energy"" - Karthik",ritvikisalive
"""What do you mean kind of... Either your dead or your not dead"" - Ritvik",ritvikisalive
"""Yea just blow up the world... No one's going to be looking for a house if you're dead"" - Ritvik",_muffinhead
"""Sure I like you but you're not a planet"" - Astronomy Prof",_muffinhead
"""Drop and drag"" - Daniel (Uni friend)",ritvikisalive
"â€œ#communism
#commutetowork
Wait that doesnâ€™t make senseâ€ - Ritvik",_muffinhead
â€œI didnâ€™t hear swallowed I heard snortedâ€ - Ritvik,ritvikisalive
â€œYou no lika my pizza you dieâ€ - Zoe,ritvikisalive
"*knows nothing about political parties in the USA, Australia or India* - Nandini",ritvikisalive
â€œHe has a worm in his headâ€ - Ami,ritvikisalive
â€œOld orange manâ€ - Ami,ritvikisalive
â€œHe got mildly assassinatedâ€ - Ami,ritvikisalive
â€œArenâ€™t they on the same side???? *talking bout trump and Kamala Harris* â€œ - Nandini,ritvikisalive
â€œChina?????â€ - Nandini,ritvikisalive
â€œ*America being 13th in shooting* So thatâ€™s why the guy missed when he tried to assassinate Trumpâ€ - Ami,_muffinhead
â€œItâ€™s cRoNcHy *falls off bed*â€ - Zoe,_muffinhead
"""You ever wanted to be a ninja,,, WITH A GUN *Bang bang noises* "" - Youtube ad",ritvikisalive
"""Africa is a city"" - Akhil",ritvikisalive
"""Africa is a song by toto"" - Akhil",ritvikisalive
â€œThe fruity man gets the fruity food firstâ€ - Ritvik,ritvikisalive
â€œGet that sweet angleâ€ - Zoe,ritvikisalive
"""stop hacking my bot"" - Akhil",Boop Quoter
"""Yes we do- I just did GET QUESTIONED"" - Ritvik",_muffinhead
"""Seve- wait WHY ARE THERE SEVEN ALI EXPRESSES?"" - Ritvik
""We don't question that"" - Akhil",_muffinhead
"""I was not changing nicknames I was in the bathroom"" - Ritvik
""No you weren't"" - Akhil
""Yes I wa- wait how do you know?! Are you in my house"" - Ritvik
""I'm in your walls"" - Akhil
""Well, could you clean up the walls I think there's a family of possums living in there"" - Ritvik",_muffinhead
"""I have private insurance, I need a private lawyer"" - Akhil",_muffinhead
"""You're Akhil #1 dumbfuck"" - Ritvik
""Oh"" - Akhil",_muffinhead
"""Imma leave and rejoin just to fix it"" - Akhil",ritvikisalive
"""I am corrupt"" - Akhil",ritvikisalive
"""NO NO WHY AM I SPEAKING I'M GONNA SHUT UP"" - Akhil",_muffinhead
"""Did you know i have dementia"" - Akhil",ritvikisalive
"""My quotes are the badest in the hood"" - Akhil",ritvikisalive
"""My real quotes are bad enough"" - Akhil",ritvikisalive
"""You can't do that"" - Akhil",ritvikisalive
"""OH NO THE HOT GLUE STOLE THE PIECE OF PAPER"" - Ritvik",_muffinhead
"""OH you mean gift, as in with a ""t"" - I did not hear the ""t"" I thought you meant ""gif"" as in the moving picture"" - Ritvik",_muffinhead
"""Because- you have no friends"" - Ritvik",_muffinhead
"""Why do I tell you things?"" - Akhil",_muffinhead
"""I am however gathering a nice collection of personal email addresses, which I absolutely promise not to sell online or sign up to any websites where I don't want to use my own details. :-)"" - Uni Prof",_muffinhead
"""I am a muffin does that count?"" - Karthik
""Yes"" - Ritvik
""Then i am a bread"" - Karthik",ritvikisalive
"""London bridge is falling up falling up... wait a second it wouldn be falling it would be flying... London bridge is flying up"" - Ritvik",ritvikisalive
"""Half of my heart is a banana oo-na-na"" - Karthik",ritvikisalive
"""Banana 00-na-na"" - Karthik",ritvikisalive
"""Beautiful Speech

10/10 Would speak again"" - Karthik",ritvikisalive
"""well well well
well well
well

Thank you for coming to my Ted Talk"" - Ritvik",ritvikisalive
â€œI do not have beef with anyone I am Hinduâ€ - Himalaya,_muffinhead
"""Floating candles - because that's witchy, I think"" - Ritvik",_muffinhead
"""DOORS... Because witches want privacy too"" - Ritvik",_muffinhead
"""Iâ€™ll squeeze the mental hospitalâ€™s cheeks so hard theyâ€™ll shit out everything they were holding in for the last five years"" - Himalaya",h.ekker
â€œlol Japanese magicâ€ - Ritvik,_muffinhead
"â€œI see sprite, Fanta and HaÃ¤gen-Dazs, but not dadâ€ - my mum",_muffinhead
â€œI fucketh cow and dicketh my own balls. Yum.â€ - Himalaya,ritvikisalive
â€œI donâ€™t have ballsâ€ - Akhil,ritvikisalive
â€œI fucking love rule of thirds I want to fuck rule of thirdsâ€ - Akhil,ritvikisalive
â€œSoap Operationsâ€ - Akhil,ritvikisalive
â€œYou are restartedâ€ - Akhil,ritvikisalive
â€œwtf is kyotoâ€ - Nitanth,ritvikisalive
"""oMG I CAN HEAR"" - Ameera",ritvikisalive
"""I'll be dreaming of talking banana's"" - Ahmed",ritvikisalive
"""The word 'The' has become less popular in the last 200 years"" - Karthik",ritvikisalive
"â€œWhy are you defended ashâ€ - Karthik

â€œSHES DEFENDED SHE CANT BLOODY HEAR YOUâ€ - Ritvik",ritvikisalive
"""i have diamonddickdisorder"" - Himalaya",h.ekker
"""All her eyes were closed?"" - Karthik",ritvikisalive
"""Shes a spider know she has eight of those things"" - Himalaya",ritvikisalive
"""Everywhere was just spilling balls!"" - Himalaya",_muffinhead
â€œCan look like a Why Kingâ€ - Nitanth,ritvikisalive
â€œNOOOOO i want ballseyeâ€ - Himalaya,ritvikisalive
"""SHES STILL A MINOR"" - Arshia",ritvikisalive
"""You know what i forget... how to breath"" - Ritvik 
""Ya i do that too"" - Karthik",ritvikisalive
"""You're the incorrect answer"" - karthik",ritvikisalive
"""You know what else you don't need.. your left kidney"" - Ritvik
""Well i was going to use that for my gambling adiction"" - Akhil",ritvikisalive
"â€œI will eat anything ball shaped â€œ - Akhil

â€œWhat the fuck did u just sayâ€ - Ritvik

*still confused as to what heâ€™s talking about*",ritvikisalive
"""Who do you think wrapped your gifts? Not Ash I can tell you that"" - Ritvik",_muffinhead
â€œWHEN THE ACTUAL 2 FACED FLYING FUCK WERE THEY CANDYâ€ - Ritvik,_muffinhead
â€œYOUR HABLOING ESPANÃ•Lâ€ - Ritvik,_muffinhead
"""But as a person who watched and breathes Dune itâ€™s shit"" - Karthik",ritvikisalive
"""GET OFF THE FUCKING SPOON *aggressive spoon banging against pan*"" - Ritvik",_muffinhead
â€œThis is the human equivalent of system reboot Istgâ€ - Karthik,ritvikisalive
â€œBc Nitanth is drunk when his BAC is 0.0â€ - Karthik,ritvikisalive
"""I don't want to discombobulate the packaging"" - Youtube video",ritvikisalive
"""WITTSFF DO YOU MEAN NUH UH"" - Karthik",ritvikisalive
"""TF YOU MEAN NUH UH"" - Karthik",ritvikisalive
"""#pedroforpresidentoftheunitedstatesofearth"" - Ritvik",ritvikisalive
"""is that not why people ask questions tho? to know?"" - Ritvik",ritvikisalive
"""Put your other muff on your cuff"" - Ritvik's Sister",ritvikisalive
"â€œTHE MOON IS UNEMPLOYEDâ€ - Karthik
â€œSO ARE WEâ€ - Ritvik",_muffinhead
"""I'd share my crayons with you"" - Bhrugu
""I don't want your crayons"" - Karthik
*random garbling noises* - Johan",_muffinhead
"""I see upside down As and backwards Es"" - Karthik",ritvikisalive
"""I haven't seen numbers in maths since yr 11 ğŸ˜­ "" - Karthik",ritvikisalive
"""âœ¨Garlic bread â€˜til Iâ€™m deadâœ¨"" - Karthik",ritvikisalive
"""The shirt is ALWAYS RIGHT""- Karthik",ritvikisalive
"""Whyâ€™d I read that as Obama"" - Karthik",ritvikisalive
â€œbecome a car battery karthikâ€ - Ritvik,_muffinhead
â€œSide note: if you blow an LED youâ€™ll smell it before you see itâ€ - Karthik,_muffinhead
"""I love how one of the options is â€œbagâ€, ... , Like they arenâ€™t kidnapped animals trying to kidnap other animals"" - Karthik",ritvikisalive
â€œzoom zoom mother fuckerâ€ - Ritvik,_muffinhead
"""Human activity has left no chance for a squirrel civilisation to appear... not because we hated squirrels, it's simply that the thought that they might want to do that at some point never crossed our minds... and we needed wood"" - kurzgesagt narrator",_muffinhead
â€œummm how does a gaali ruin an arduino??â€ - Arshia,_muffinhead
"""âœ¨Garlic bread â€˜til Iâ€™m deadâœ¨"" - karthik",ritvikisalive
"""Low key religion is just a ~~colour~~ cult"" - akhil",ritvikisalive
"""This is the most democratic thing Iâ€™ve seen happen in the last week"" - Karthik",ritvikisalive
"""Uni is essentially communism at its peak"" - Ami",ritvikisalive
â€œ3 + 4 = -1â€ - Karthik,ritvikisalive
â€œI donâ€™t wanna go to jailâ€ - Ahmed *also to his accounting assignment*,_muffinhead
â€œWould it? Asking for a friendâ€ - Ahmed *to his accounting assignment*,_muffinhead
â€œPLEASE *rapidly losing sanity*â€- Ahmed,_muffinhead
"""Your under arrest"" - Cop ""No I'm not"" - Karen *Youtube video*",ritvikisalive
"""I never really liked the french anyways"" - Sebastian (guy in my uni class)",ritvikisalive
â€œI have acquired a container of fluidâ€ - Karthik,ritvikisalive
"""I want black ballz"" - Akhil",ritvikisalive
"""Big beautiful ballz"" - Akhil",ritvikisalive
â€œNitanthâ€™s an immature little ratâ€ - Ameera and Caitlin,ritvikisalive
â€œThe best part about history is that it repeats itselfâ€ - Gabriel Iglesias,_muffinhead
â€œWhy is Brad Pitt in your nightmares???â€ - Ritvik,ritvikisalive
â€œAnd Brad Pittâ€ - Arshia,ritvikisalive
"â€œI didnâ€™t know that - I also donâ€™t know if itâ€™s true, but I didnâ€™t know thatâ€ - Charles from the Hacksmith",_muffinhead
"""ITS CALLED ANAL"" - Ahmed",memebrane_
"""It's one of those black and white whale things... OKRAS"" - Ritvik",_muffinhead
"â€œDude I fellâ€ - Bhrugu
â€œOff a cliff?â€ - Karthik
â€œOff of the treadmill ğŸ’€â€ - Bhrugu",_muffinhead
"""Why does discord keep dingi-"" - Ritvik ""HUNGRY JACKS"" - Random ad",_muffinhead
â€œThe muffin man is a gas stationâ€ - Ritvik,_muffinhead
"""In the name of the lord, in the name of ISIS - wait that's not her name oh WAIT IRIS"" - Ritvik",_muffinhead
"""Bitch your not supposed to be on the veranda"" - Ritvik ... ""Spider man spider man"" - Karthik",ritvikisalive
"""Spiderman family farm... well i just stopped him from reproducing"" - Karthik",ritvikisalive
"""YOU KIDNAPPED NEMO!!!!"" - Ritvik",ritvikisalive
"""how'd you die to a creeper if you were being surounded by zombies"" - Ritvik",ritvikisalive
"""Senior if you didnt like the fajita you could have just said it was bad you didnt have to die at my shop"" - Ritvik",ritvikisalive
"""Senior would you like a fajita"" - Ritvik",ritvikisalive
"""Drown nitanth all you want i dont care"" - Karthik",ritvikisalive
â€œDid you say he has a cow???â€ - Taejus,wroetoshaw96
â€œI replaced my bedâ€ - Taejus,wroetoshaw96
â€œOh no heâ€™s stealing my phoneâ€ - Akhil,ritvikisalive
"""Patroleum? im eating petrol?"" - Ritviks sister",ritvikisalive
"""oLiM"" - Ritviks Sister",ritvikisalive
"""ilom"" - Ritviks Sister",ritvikisalive
â€œOop im going to adopt it nowâ€ - Zoe,ritvikisalive
"*Agreeing to smth Ritvik said* *2 seconds later* ""Wait what?"" - Nandini",ritvikisalive
"""Why do your notes look like make up?"" - phys tutor",_muffinhead
"""What's inside it then?"" - Random kid ""Food"" - phys tutor",_muffinhead
"""VC Double A"" - Mrs Fernando",ritvikisalive
â€œAbiden is definitely the best Jesusâ€ - Arshia,ritvikisalive
â€œMum your Jesusâ€ - Arshia,ritvikisalive
â€œJesus your mumâ€ - Arshia,ritvikisalive
â€œ Abiden = Brown person = Jesus = Brown person therefore abiden is Jesusâ€ - Arshia,ritvikisalive
â€œQed little Square thingyâ€ - Arshia,ritvikisalive
"""and does ahmed have a gf that he doesnt know about?"" - Ritvik",ritvikisalive
"""Oh wait we're still in term 3"" - Taejus",_muffinhead
"""Not cocainy cocaine"" - Nandini *Talking about baby powder*",ritvikisalive
"""I have been trying to avoid you"" -Random guy from phineas and ferb ""Who are you?"" -Candace Flynn ""Thats how i know its been working"" - Random guy",ritvikisalive
â€œYouâ€™re like Tony Stark without the moneyâ€ - phys tutor,_muffinhead
"""OH No a white guy is running towards me... THE BRITISH ARE COMING"" - Ritvik",ritvikisalive
"""I picked finish people"" = Karthik",ritvikisalive
"""Im close to sheep does that count as snow"" - Karthik",ritvikisalive
"""Oops I caught myself on 7 different intestines"" - Taejus",_muffinhead
â€œWhat itâ€™s just a questionâ€ - Nickita,ritvikisalive
â€œI donâ€™t think only one person dies in a warâ€ - Nickita Drama performance,ritvikisalive
"""Yer a wizard, hampter"" - Karthik",ritvikisalive
â€œI swear Iâ€™m not a racistâ€ - Nathaniel,ritvikisalive
"""I like little kids"" - Nat",h.ekker
"""I hope schools not too traumatising"" - Ritvik's Tutor",ritvikisalive
â€œThe question mark was just third-wheelingâ€ - Karthik,ritvikisalive
â€œItalian just leftâ€¦ left my soulâ€ - Karthik,ritvikisalive
â€œIâ€™ll clap my faceâ€ - Karthik,ritvikisalive
â€œIVE HAD IT IM RESTARTING AND DELETING EVERYTHING â€¦ yes Iâ€™d like to exit debug modeâ€ - Karthik,ritvikisalive
â€œFuck it Just quote everything â€œ - Karthik,ritvikisalive
â€œThis has twilight I donâ€™t trust this website anymoreâ€ - Ritviks cousin,ritvikisalive
"""Nau-yel"" - Mathew",ritvikisalive
"""nah-yel"" - Mathew",ritvikisalive
â€œIâ€™ve been waiting one minute for 20 minutesâ€ - Jenny Tian,ritvikisalive
"""I'll have a look and make sure your all on youtube"" - Mr Mconchi",ritvikisalive
"""You guys aren't reading the question prop- wait why is he doing pushups"" - Mr Abiden",ritvikisalive
"""Guess what i have a date with the Singapore zoo"" - Disha",ritvikisalive
"""Its like if kahoot and hard quiz had a love child"" - Mr Abiden",ritvikisalive
"""When it comes to cheating i have a brain"" - Mathew",ritvikisalive
â€œBye Virginâ€ - Mathew,ritvikisalive
â€œPerfume turns me onâ€ - Nitanth,ritvikisalive
â€œWhenâ€™s the best time to tell some that you killed a womanâ€ - Tv Ad,ritvikisalive
"""I feel like the EASTER BUNNY"" - yt video",ritvikisalive
"""YOU ARE JESUS""  - the sign holders",ritvikisalive
"""OH NO IM NOT JESUS"" - Ahmed",ritvikisalive
"""My grandparents daughters childs aunt"" - Tv",ritvikisalive
"""muffin man go weeeeeeeeeeeeeee"" - Ritvik",_muffinhead
â€œI donâ€™t think Live Photoâ€™s keep their livenessâ€ - Ritvik,_muffinhead
"""yeah i broke his ankle"" - ahmed",wroetoshaw96
"""you're friends with tharin?"" - ameera",wroetoshaw96
"""I'm getting raped""- Nitanth",h.ekker
"""I like to rape""- Ahmed",h.ekker
"""How do you spell email???"" - Nandini",ritvikisalive
â€œOscillating version of boingâ€ - physics tutor,_muffinhead
â€œItâ€™s ment To be touchedâ€ - Ahmed,ritvikisalive
"""Where's Nitanth"" - Ameera
""He got deported"" - Mathew",h.ekker
"â€œYk what they say, when ya horny and you know it, clap ya handsâ€ - Mathew",ritvikisalive
â€œB) Iâ€™m keeping the Mathewâ€ - Karthik,ritvikisalive
"""Pizza hut whats ur emergency"" - Tiktok",ritvikisalive
â€œItâ€™s practically your theme songâ€ - Mathew *talking to the girls about the song drama queen*,ritvikisalive
â€œAhmedâ€™s gonna be twerkingâ€ - Disha,ritvikisalive
â€œHavenâ€™t you been to my house??????â€ - Joy,ritvikisalive
"""And pay taxes?"" - Shaggy ""Wait have you not been paying your taxes"" - Daphne ""I handle all of our accounting"" - Scooby Doo",ritvikisalive
"""YOU HAVE TO PAY FOR NETFLIX!!!!"" - Fred",ritvikisalive
"""the three shells of sea biscuits"" - Bryan",ritvikisalive
"""Do you know where we are"" - Shaggy ""A spaceship"" - Shaggy ""IKEA..."" - Scooby ""Did you just say ikea???"" - Shaggy ""No.... i said spaceship"" - Scooby",ritvikisalive
"""And after a restart he started speaking french"" - News guy",ritvikisalive
"""Idk what she said but i support it"" - Bill shorten",ritvikisalive
"""Sometimes when I close my eyes,"" ğ’”ğ’‰ğ’† ğ’˜ğ’‰ğ’Šğ’”ğ’‘ğ’†ğ’“ğ’”.""I - I canâ€™t see"" - Notion template",ritvikisalive
*tries to play Martyâ€™s got a plan. Chip plays Harryâ€™s in a helicopter* - Chip breaking on karthik and ritvik,ritvikisalive
"""Duckyyyyy"" - karthik",ritvikisalive
"â€œEnjoy dinnerâ€ - Ahmed, â€œOkâ€ - Karthik",memebrane_
"""No Iâ€™m going to try and fit the ice cream tub back in my freezer"" - Karthik",ritvikisalive
â€œmy excessively large consumption of strawberriesâ€ - Karthik,ritvikisalive
"""Mathew ur my number one daddy"" - Nitanth ""Yes i am"" - Mathew",ritvikisalive
"""Idk how to boil water"" - Ahmed",ritvikisalive
"""How did we not notice all of our chairs are missing"" - Youtube video",ritvikisalive
â€œIf a penguin and a eagle procreate would itâ€™s child be able to fly in the artic?â€ - Mathew,ritvikisalive
â€œNothing is unnecessary unless u do not use itâ€ - Ritvik,ritvikisalive
â€œYou just gotta pull down hard enoughâ€ - Taejus,wroetoshaw96
â€œEnd of stage 6â€ - Ritvik â€œWhO hAs CaNcErâ€ - Akhil,ritvikisalive
â€œThere are literature objects???â€ - Akhil,_muffinhead
â€œIâ€™m reloading my handâ€ - Akhil,_muffinhead
â€œSmd ?? Shaking my dick?â€ - Ameera,ritvikisalive
â€œThe Anglo Indian are descendants of cuttle fishâ€ - Nathaniel,ritvikisalive
â€œHi ded Iâ€™m dederâ€ - Ritvik,Deleted User
â€œAnd cuts tv shoes charactersâ€ - Nitanth,_muffinhead
â€œIâ€™m Australiaâ€ - Ritvik,_muffinhead
â€œAnd those earrings tasted nastyâ€ - Jannet (female chipmunk),ritvikisalive
â€œPantsâ€¦ I need pants. Pants are essentialâ€ - Dave Sevil (guy from Alvin and the chipmunks),ritvikisalive
â€œShut up I am your coloniser and I have colonised myselfâ€ - Nathaniel,ritvikisalive
â€œI colonised myselfâ€ - Nathaniel,_muffinhead
â€œSPIâ€ - Akhil,ritvikisalive
"""Or is that Jake?"" - Karthik",ritvikisalive
â€œWhy am i 500 metres from my current locationâ€ - Taejus,wroetoshaw96
â€œJust read both books at once?? One book in your right and the other in your left- you have two eyes for a reasonâ€ - Taejus,wroetoshaw96
â€œWhats your sole purpose in life?â€ â€œBeing Ameeraâ€™s batteryâ€ - Taejus,wroetoshaw96
â€œI'm just constantly on my way thereâ€ - Karthik,ritvikisalive
"""I make like cabbage and leaf now"" - Ritvik",_muffinhead
â€œI think itâ€™s getting a divorce with its own partsâ€ - teajuice,wroetoshaw96
â€œI love how Iâ€™m on a call with two body parts of Taejusâ€ - Ritvik,ritvikisalive
â€œYo I got a headshot with an appleâ€ - Taejus,ritvikisalive
â€œI committed deathâ€ - Taejus,ritvikisalive
â€œWhatâ€™s your name oh yaâ€ - Ameera,ritvikisalive
â€œIâ€™m making them all poopâ€ - Ameera,ritvikisalive
â€œOh no thereâ€™s a kid hereâ€ - Taejus,ritvikisalive
â€œIâ€™m slightly jumpingâ€ - Taejus,ritvikisalive
â€œI just committed jump â€œ - Taejus,ritvikisalive
â€œEdoroloâ€ - Ameera,ritvikisalive
â€œWait why do you need yeastâ€ - Ritvik. â€œBecause Iâ€™m in the middle of making biodieselâ€ - Karthik,ritvikisalive
â€œIdk Iâ€™m vegetarianâ€ - Karthik,ritvikisalive
â€œWhy the fuck do you need chicken  in nachosâ€ - Ritvik,ritvikisalive
â€œWinner winner chicken dinnerâ€ - Karthik,ritvikisalive
â€œSlavage â€œ - Ritvik,ritvikisalive
â€œWaAaAaAaAaAaâ€ - Taejus,ritvikisalive
â€œYa because you canâ€™t JigGlEâ€ - Karthik,ritvikisalive
â€œ2 4 6 8 who do we appreciate TaEjUsâ€ - Ritvik,ritvikisalive
â€œLetâ€™s go taejus letâ€™s go taejusâ€ - Ritvik,ritvikisalive
â€œOh well Iâ€™m dedâ€ - Karthik,ritvikisalive
â€œShit shit shit shit Taejus Iâ€™m dedâ€ - Karthik,ritvikisalive
â€œAnd Iâ€™m dedâ€ - Karthik,ritvikisalive
*squeel* - Taejus,ritvikisalive
â€œWho knocked this kidâ€ - Karthik,ritvikisalive
â€œWhy is youâ€ - Karthik,ritvikisalive
â€œNo youâ€™re a bazookaâ€ - Taejus and Ritvik *going back and forth*,ritvikisalive
â€œI hAvE a PaNâ€ - Taejus,ritvikisalive
â€œI got a special place in my heart for chickensâ€ - Taejus,ritvikisalive
â€œWait can I jump off this cliff as-wellâ€ - Taejus,ritvikisalive
â€œWhy is this kid not deadâ€ - Taejus,ritvikisalive
"""ok, push me"" - Taejus",wroetoshaw96
"""mass genocide of pens"" - Taejus",wroetoshaw96
"""nah i need meat"" - Taejus",wroetoshaw96
â€œIs that a new skin bundle?!?â€ - Taejus,wroetoshaw96
"""i thought it was rice"" - Ritvik",h.ekker
"""I sound like an old grandma"" - Akhil",ritvikisalive
"""Please say u stopped on funny tongue"" -Karthik",ritvikisalive
"""Tostostorone"" - Everyone trying to say ameeras note 5 times fast",ritvikisalive
"""No akhil died"" - Ameera",ritvikisalive
"""Toto Wolff"" - Karthik",ritvikisalive
"""Turtlewolf"" - Karthik",ritvikisalive
"""Your me your a she and a buch of bees"" - Ritvik",ritvikisalive
"""Oh look I've got a new status"" - Karthik",ritvikisalive
"""No buts no nuts no coconuts"" - Ameera",ritvikisalive
"""Put him on eBay"" - Karthik",ritvikisalive
"""I'm going to search for another part of taejus"" - Karthik",ritvikisalive
"""Where'd you get a hand from"" - Taejus",ritvikisalive
"""Brad Man"" - Karthik",ritvikisalive
"""bahsbdhsfsdhfhsdbfblah"" - Ameera",ritvikisalive
"""I heard AiDs"" - Ritvik",ritvikisalive
â€œThats how i kill time with math equationsâ€¦â€  - Taejusâœ¨LATEXâœ¨,wroetoshaw96
"""I have a voice like a horse"" - Indian train chef from yt",ritvikisalive
â€œMaterwelonâ€ -Nate,h.ekker
â€œYou can repunzle himâ€ - Ameera,ritvikisalive
â€œ take it and fuckâ€ - Nathaniel,ritvikisalive
â€œI WATCH HENTAIâ€¦.. Why did everyone go quietâ€ - Ahmed,ritvikisalive
â€œOmicron was coolâ€ - Nathaniel,ritvikisalive
â€œOmg itâ€™s grassâ€ - Nandini,ritvikisalive
â€œEat once u will come 100 timesâ€ - Mr Biryani (restaurant wall art),ritvikisalive
â€œNow Imma set a reminder to remind me to remind youâ€ - Karthik,ritvikisalive
â€œI saw it so I liked itâ€ - Zoe,ritvikisalive
â€œIâ€™m the popcorn manâ€ - Mathew,ritvikisalive
"""happy uterus independence day!!! ğŸ‰ğŸ‰ğŸ‰ "" - Timin",ritvikisalive
â€œI need the pope???????â€ - Ami,ritvikisalive
â€œThatâ€™s not long Iâ€™ve seen longerâ€ - Mathew,ritvikisalive
â€œMines massiveâ€ - Mathew,ritvikisalive
â€œI just chocked on cokeâ€ - Nathaniel,ritvikisalive
â€œHe got deportedâ€ - Mathew,ritvikisalive
â€œAioli without egg Isnâ€™t aioli at allâ€ - Ahmed,ritvikisalive
â€œWhatâ€™s akhil?â€ - Siona,ritvikisalive
â€œNATHANOEL PARTRUCK FRANCISâ€ - Ameera,ritvikisalive
â€œLook at the giant baby *talking about Nitanthâ€™s pic*â€ - Ritvik â€œoH yEAaAaAAâ€ - Nandini,ritvikisalive
â€œThe white one?????â€ - Arshi,ritvikisalive
"""You can place a door on a door?!?!?!"" - Karthik",ritvikisalive
"""Maybe the fire is fire"" - Karthik",ritvikisalive
"""Please do not the cat"" - Karthik",ritvikisalive
"""Ok im done with the slurp"" - Karthik",ritvikisalive
"""How do u spell PUBG"" - Nitanth",ritvikisalive
"""pUbtHG"" - Nitanth",ritvikisalive
"""I dont even know who arson is tho"" - Nitanth",ritvikisalive
â€œHe knew math!!! â€¦ Like KNEW mathâ€ - Ameera,ritvikisalive
"â€œNoahâ€ (for Noelâ€™s Coffee) - 
Starbucks Employee as well as his Coffee Cup Name

â€œThey always fucking do this at Starbucksâ€ - Noel",Deleted User
"""Is that bread i like bread"" - Kevin Che",ritvikisalive
â€œGet a lifeâ€,nith774
â€œI missed it harder than nitanth missed his brain cellsâ€ - Ameera,ritvikisalive
â€œBruh this is tiny compared to what he gave me yesterday!?!â€ - Ahmed,wroetoshaw96
"""No continue breathing"" - Bhrugu",_muffinhead
â€œCircular fin toonsâ€ - Nitanth,wroetoshaw96
"""Speak the language of the tea not the coffee"" - Eryn",ritvikisalive
â€œI had Ahmed Mathew and Nathaniel all on top of meâ€ - Nitanth,ritvikisalive
â€œLike you have a whole selection of girlsâ€ - Ameera,ritvikisalive
â€œHangriedâ€ - Sanjay,_muffinhead
"""fat decent hog"" - Tiktok video",ritvikisalive
"""my ass is all wet because it started pauring as i was walking"" -Ritvik",h.ekker
â€œWhatâ€™s ur last nameâ€ *talking to ameera* - Shameer,ritvikisalive
â€œPara BoLaâ€ - Shameer,ritvikisalive
"""Oh you mean that pedophile van?"" - Uncle Roger",ritvikisalive
"""I'm making the weekend my cousin on wikapedia"" - Vinu",ritvikisalive
"""How do you feel about this turn of events"" - Ritvik ""...what"" - Vinu",ritvikisalive
"""Wow you might be the first person to get a chocolate""*talking to briana* - Mrs Mao ""NOOOOOOOOOOOOOOOOOOOOO"" - Cassie",ritvikisalive
"*Has staring contest with vinu* "" Your eyes are watering"" - Cassie",ritvikisalive
"""Chocie chocie chocie"" - Cassie",ritvikisalive
"""your really adicted to chocolate arent you"" - Ritvik ""YES!!!"" - Cassie",ritvikisalive
â€œYou can come with usâ€ - Ameera â€œWhere?â€ - Shameer â€œHomeâ€ - Ameera,ritvikisalive
â€œHe looks like he is high on vitamin D gummiesâ€ - Mathew,ritvikisalive
"""*Slams Taejus' laptop* What's wrong w your laptop?"" - Shyam",_muffinhead
"""Apparently its that hard to guess that Akhil's Gay"" - Ritvik",h.ekker
"""Like what in the Roman legions at Sicily?!"" - Karthik",_muffinhead
"""NUTRIONOS"" - Bhrugu",_muffinhead
"""Oh... my... insults..."" - Cassie",ritvikisalive
â€œWhen solving for x makes you wonder yâ€ - Google ad,ritvikisalive
â€œThis is a careerâ€,wroetoshaw96
â€œIm not-â€œ - aiden ğŸ’€,wroetoshaw96
â€œHow are you gonna balance uni with playing games aceâ€ - ameera,wroetoshaw96
â€œâ€¦â€¦â€¦â€¦â€¦â€¦. (Hides the fact that I got rejected by girls)â€¦â€¦â€¦ um I am not gay if thatâ€™s what ur askingâ€- Nitanth,nith774
â€œTherefore ur dad started rooting for u to get a gfâ€- Mum,nith774
"â€œI donâ€™t know about that but when me and ur dad saw ur behavior change infront of girls, rolling around to impress them we realized that u were not gayâ€- Mum",nith774
â€œIs that why my friends call me a simp?â€- Nitanth,nith774
"â€œNope, u use to act like this only when u saw a girl whoâ€™s ur age or olderâ€- Mum",nith774
â€œLol do I use to act like this?â€- Nitanth,nith774
We see a kid rolling around on the ground-me and mum,nith774
"""Ur still a lil baby""- Dad",nith774
Not making this up btw,nith774
"""A machine that makes ur grand kids""-Nitanth",nith774
"""Nice underwear, whats inside it?""- Dad",nith774
"""MID, seen better""-Dad",nith774
sends topless pic to my dad- Nitanth,nith774
,_muffinhead
â€œHis ass is his assâ€- Ameera,nith774
â€œHis ass does not mean anything to meâ€- Ameera,nith774
"RIP OLD QUOTES COLLECTION
May you live on through this csv file that ultimately brought your downfall",ritvikisalive
